,Accuracy,Precision,Recall,F1,ROC_AUC,MCC,Confusion_matrix
LR,0.718421052631579,0.5348837209302325,0.773109243697479,0.6323024054982818,0.8193116326990566,0.43474910845396586,"[[181  80]
 [ 27  92]]"
RF,0.7973684210526316,0.6944444444444444,0.6302521008403361,0.6607929515418501,0.8140635564570655,0.5180465351024179,"[[228  33]
 [ 44  75]]"
GBDT,0.7736842105263158,0.6486486486486487,0.6050420168067226,0.6260869565217391,0.8054670143919637,0.4646819115185667,"[[222  39]
 [ 47  72]]"
SVM,0.6868421052631579,0.0,0.0,0.0,0.6210921150069224,0.0,"[[261   0]
 [119   0]]"
XGB,0.7026315789473684,0.5254237288135594,0.5210084033613446,0.5232067510548524,0.730577288386619,0.3071569289898513,"[[205  56]
 [ 57  62]]"
