,Accuracy,Precision,Recall,F1,ROC_AUC,MCC,Confusion_matrix
LR,0.8456140350877193,0.5170068027210885,0.8172043010752689,0.6333333333333333,0.9023015711999278,0.5645215629024959,"[[406  71]
 [ 17  76]]"
RF,0.9210526315789473,0.7608695652173914,0.7526881720430108,0.7567567567567567,0.9408714862153693,0.7096527546041789,"[[455  22]
 [ 23  70]]"
GBDT,0.9280701754385965,0.7954545454545454,0.7526881720430108,0.7734806629834253,0.9516467167106242,0.7311607845649477,"[[459  18]
 [ 23  70]]"
SVM,0.8789473684210526,0.6935483870967742,0.46236559139784944,0.5548387096774193,0.8073533058316991,0.5014572456553196,"[[458  19]
 [ 50  43]]"
XGB,0.9192982456140351,0.7701149425287356,0.7204301075268817,0.7444444444444445,0.9545095917585267,0.6971371256828266,"[[457  20]
 [ 26  67]]"
