,Accuracy,Precision,Recall,F1,ROC_AUC,MCC,Confusion_matrix
LR,0.7030075187969925,0.5083333333333333,0.7530864197530864,0.6069651741293532,0.8126793460126792,0.40153058763905597,"[[126  59]
 [ 20  61]]"
RF,0.7218045112781954,0.5360824742268041,0.6419753086419753,0.5842696629213482,0.7756423089756423,0.38122407255396035,"[[140  45]
 [ 29  52]]"
GBDT,0.7556390977443609,0.5851063829787234,0.6790123456790124,0.6285714285714286,0.7722389055722388,0.4507472195723543,"[[146  39]
 [ 26  55]]"
SVM,0.7030075187969925,0.6666666666666666,0.04938271604938271,0.09195402298850575,0.6178845512178845,0.11954658256301814,"[[183   2]
 [ 77   4]]"
XGB,0.6278195488721805,0.4117647058823529,0.5185185185185185,0.45901639344262296,0.6882215548882215,0.18379877199889383,"[[125  60]
 [ 39  42]]"
