,Accuracy,Precision,Recall,F1,ROC_AUC,MCC,Confusion_matrix
LR,0.7368421052631579,0.5549132947976878,0.8067226890756303,0.6575342465753424,0.83553881322644,0.47654500825860086,"[[184  77]
 [ 23  96]]"
RF,0.7973684210526316,0.6944444444444444,0.6302521008403361,0.6607929515418501,0.8138703757365013,0.5180465351024179,"[[228  33]
 [ 44  75]]"
GBDT,0.7789473684210526,0.6605504587155964,0.6050420168067226,0.6315789473684209,0.807463215171126,0.4750496296137601,"[[224  37]
 [ 47  72]]"
SVM,0.6868421052631579,0.0,0.0,0.0,0.6214301812679095,0.0,"[[261   0]
 [119   0]]"
XGB,0.8,0.6936936936936937,0.6470588235294118,0.6695652173913045,0.7912360346437425,0.5270729532742926,"[[227  34]
 [ 42  77]]"
