,Accuracy,Precision,Recall,F1,ROC_AUC,MCC,Confusion_matrix
LR,0.8491228070175438,0.5238095238095238,0.8279569892473119,0.6416666666666667,0.9121525664434977,0.5753744513929819,"[[407  70]
 [ 16  77]]"
RF,0.9210526315789473,0.7608695652173914,0.7526881720430108,0.7567567567567567,0.9408714862153694,0.7096527546041789,"[[455  22]
 [ 23  70]]"
GBDT,0.9280701754385965,0.7954545454545454,0.7526881720430108,0.7734806629834253,0.9507901084285746,0.7311607845649477,"[[459  18]
 [ 23  70]]"
SVM,0.8807017543859649,0.676056338028169,0.5161290322580645,0.5853658536585366,0.8055273776515408,0.5235817186660277,"[[454  23]
 [ 45  48]]"
XGB,0.9245614035087719,0.7840909090909091,0.7419354838709677,0.7624309392265195,0.952616036608733,0.7180203618381846,"[[458  19]
 [ 24  69]]"
