,Accuracy,Precision,Recall,F1,ROC_AUC,MCC,Confusion_matrix
LR,0.7330827067669173,0.5454545454545454,0.7407407407407407,0.6282722513089005,0.8141474808141475,0.4396449627684744,"[[135  50]
 [ 21  60]]"
RF,0.7218045112781954,0.5360824742268041,0.6419753086419753,0.5842696629213482,0.775508842175509,0.38122407255396035,"[[140  45]
 [ 29  52]]"
GBDT,0.7406015037593985,0.5638297872340425,0.654320987654321,0.6057142857142858,0.7731064397731064,0.41656855355004924,"[[144  41]
 [ 28  53]]"
SVM,0.7030075187969925,0.625,0.06172839506172839,0.11235955056179774,0.6214214214214213,0.12263124983606852,"[[182   3]
 [ 76   5]]"
XGB,0.7330827067669173,0.5531914893617021,0.6419753086419753,0.5942857142857143,0.7695028361695028,0.3994792205388967,"[[143  42]
 [ 29  52]]"
