,Accuracy,Precision,Recall,F1,ROC_AUC,MCC,Confusion_matrix
LR,0.7368421052631579,0.5524861878453039,0.8403361344537815,0.6666666666666667,0.8475804114749348,0.4921490542961637,"[[180  81]
 [ 19 100]]"
SVM,0.6868421052631579,0.0,0.0,0.0,0.7265848868282946,0.0,"[[261   0]
 [119   0]]"
RF,0.8052631578947368,0.6956521739130435,0.6722689075630253,0.6837606837606838,0.8416240059242088,0.5433013565604067,"[[226  35]
 [ 39  80]]"
GBDT,0.8210526315789474,0.7575757575757576,0.6302521008403361,0.6880733944954128,0.8439421745709779,0.5687819504305511,"[[237  24]
 [ 44  75]]"
XGB,0.8105263157894737,0.7326732673267327,0.6218487394957983,0.6727272727272727,0.8574326282237033,0.5442473550406812,"[[234  27]
 [ 45  74]]"
