,Accuracy,Precision,Recall,F1,ROC_AUC,MCC,Confusion_matrix
LR,0.8578947368421053,0.5416666666666666,0.8387096774193549,0.6582278481012658,0.9450192736863461,0.5955614616196909,"[[411  66]
 [ 15  78]]"
SVM,0.843859649122807,1.0,0.043010752688172046,0.08247422680412372,0.9390004733887874,0.1903879665197067,"[[477   0]
 [ 89   4]]"
RF,0.9210526315789473,0.7068965517241379,0.8817204301075269,0.7846889952153109,0.9629178783165393,0.7438159214486243,"[[443  34]
 [ 11  82]]"
GBDT,0.9350877192982456,0.7857142857142857,0.8279569892473119,0.806282722513089,0.9703793872996551,0.7677059847576896,"[[456  21]
 [ 16  77]]"
XGB,0.9333333333333333,0.7619047619047619,0.8602150537634409,0.8080808080808081,0.9687563400284034,0.7699909469084956,"[[452  25]
 [ 13  80]]"
