,Accuracy,Precision,Recall,F1,ROC_AUC,MCC,Confusion_matrix
LR,0.706766917293233,0.5112781954887218,0.8395061728395061,0.6355140186915887,0.7998665331998664,0.44929782461288253,"[[120  65]
 [ 13  68]]"
SVM,0.6842105263157895,0.3333333333333333,0.037037037037037035,0.06666666666666667,0.7257257257257257,0.011720142732179226,"[[179   6]
 [ 78   3]]"
RF,0.7556390977443609,0.58,0.7160493827160493,0.6408839779005524,0.7749082415749083,0.46462550164240357,"[[143  42]
 [ 23  58]]"
GBDT,0.7669172932330827,0.620253164556962,0.6049382716049383,0.6125,0.7703703703703703,0.4459418227344371,"[[155  30]
 [ 32  49]]"
XGB,0.7819548872180451,0.6352941176470588,0.6666666666666666,0.6506024096385542,0.7990990990990992,0.49256824395576565,"[[154  31]
 [ 27  54]]"
