,Accuracy,Precision,Recall,F1,ROC_AUC,MCC,Confusion_matrix
LR,0.7,0.5130890052356021,0.8235294117647058,0.632258064516129,0.7947776811874175,0.43336718402138885,"[[168  93]
 [ 21  98]]"
SVM,0.6868421052631579,0.0,0.0,0.0,0.6969960397952284,0.0,"[[261   0]
 [119   0]]"
RF,0.8052631578947368,0.6923076923076923,0.680672268907563,0.6864406779661016,0.8483209375704305,0.5452752020242378,"[[225  36]
 [ 38  81]]"
GBDT,0.8052631578947368,0.7142857142857143,0.6302521008403361,0.6696428571428571,0.8370198654174313,0.5344424517684964,"[[231  30]
 [ 44  75]]"
XGB,0.8210526315789474,0.7107438016528925,0.7226890756302521,0.7166666666666666,0.842815287034354,0.5859541670095859,"[[226  35]
 [ 33  86]]"
