,Accuracy,Precision,Recall,F1,ROC_AUC,MCC,Confusion_matrix
LR,0.8491228070175438,0.5244755244755245,0.8064516129032258,0.6355932203389831,0.9304907463763216,0.5658709844642846,"[[409  68]
 [ 18  75]]"
SVM,0.8894736842105263,0.7083333333333334,0.5483870967741935,0.6181818181818182,0.8591217510876671,0.5609989525158948,"[[456  21]
 [ 42  51]]"
RF,0.8929824561403509,0.6454545454545455,0.7634408602150538,0.6995073891625616,0.9484569779761504,0.6382721052112503,"[[438  39]
 [ 22  71]]"
GBDT,0.9192982456140351,0.7422680412371134,0.7741935483870968,0.7578947368421053,0.9624106760442731,0.7097259141145712,"[[452  25]
 [ 21  72]]"
XGB,0.9175438596491228,0.7395833333333334,0.7634408602150538,0.7513227513227514,0.9600662744302428,0.702043101597033,"[[452  25]
 [ 22  71]]"
