,Accuracy,Precision,Recall,F1,ROC_AUC,MCC,Confusion_matrix
LR,0.6428571428571429,0.4533333333333333,0.8395061728395061,0.5887445887445887,0.7631297964631298,0.36773688713211955,"[[103  82]
 [ 13  68]]"
SVM,0.6917293233082706,0.46153846153846156,0.07407407407407407,0.12765957446808512,0.723757090423757,0.077346295714212,"[[178   7]
 [ 75   6]]"
RF,0.7293233082706767,0.5463917525773195,0.654320987654321,0.595505617977528,0.7672672672672671,0.39819572164171824,"[[141  44]
 [ 28  53]]"
GBDT,0.7518796992481203,0.5806451612903226,0.6666666666666666,0.6206896551724138,0.7774774774774774,0.4399379085458336,"[[146  39]
 [ 27  54]]"
XGB,0.7368421052631579,0.5523809523809524,0.7160493827160493,0.6236559139784947,0.7680013346680014,0.4349690643894859,"[[138  47]
 [ 23  58]]"
